tokens,rewards
"3,3,0,5,0,5,3,1,7,1,2,2,0,0,2,0,0,0,0",0.9849578313679168
"6,1,1,7,2,0,3,0,0,0",0.9054882284277009
"3,3,5,0,5,4,0,3,4,0,7,0,0",0.9891271783120004
"2,7,5,3,2,2,1,0,3,0,4,2,3,0,0,0,0,0,3,0,0,0",1.0
"5,2,7,3,0,4,2,3,1,4,2,0,3,3,4,0,0,0,0,0,0,0,0,0",0.9290825673423546
"6,1,3,7,4,0,0,3,3,0,2,2,4,0,0,0,0,0",0.5099163338166903
"5,1,7,2,3,0,0,2,1,3,2,3,0,4,1,0,0,0,0,0,0,0",0.9290825673428219
"5,2,0,1,3,0,2,2,7,1,1,0,0,0,3,0,0,0",0.6909043967174767
"6,4,3,0,0,3,3,0,7,2,4,2,0,0,0,0",0.9290827489727184
"3,5,0,6,2,3,3,0,3,7,1,0,4,1,0,0,0,0,0",0.668770848332249
"6,3,3,1,7,2,4,4,2,3,2,0,3,1,0,0,0,0,0,0,0,0,0,0",0.6005312907782462
"4,4,0,0,6,3,7,3,2,0,1,4,0,2,0,0,0,0",0.0
"5,4,7,4,0,3,0,4,3,0,4,4,4,4,0,0,0,0,0,0",0.8764490436120151
"6,2,0,4,1,4,7,1,3,1,1,4,0,0,0,0,0,0,0,0",0.980447382044701
"5,4,2,4,4,4,3,0,7,4,3,1,1,1,0,0,0,0,0,0,0,0,0,0",0.376504104717928
"6,4,0,4,4,7,0,1,1,3,3,2,0,0,3,0,0,0,0,0",0.5947209954690881
"1,7,3,5,0,5,1,0,1,1,1,1,0,3,0,0,0,0,0",0.795607816350151
"3,5,1,2,0,4,7,4,4,0,3,4,0,0,0,0,0,0",0.9469405759293613
"3,2,4,3,5,0,4,1,0,4,6,4,4,0,0,0,0,0,7,0,0",0.6273110773894791
"6,1,4,0,7,4,0,2,4,2,4,0,3,0,3,0,0,0,0,0",0.8980718081009302
"5,2,7,2,3,1,3,2,4,2,2,0,0,0,2,0,0,0,0,0,0,0",0.0
"1,6,0,1,5,0,3,3,7,0,2,0,0",0.644565189977468
"3,2,6,2,1,1,7,4,2,3,0,0,2,0,0,0,0,0,0,0",0.4758732690731667
"5,1,0,4,7,2,4,0,2,3,0,0,3,0,0,0",0.0
"5,2,4,4,1,1,1,1,7,0,3,3,1,0,3,0,0,0,0,0,0,0,0,0",0.3445521431342688
"5,4,2,1,7,3,3,2,4,0,0,0,3,0,0,0,0,0",0.7283752542991792
"4,7,1,3,0,1,2,5,1,4,1,1,0,0,0,0,0,0,0,0",0.8505591703058979
"5,4,7,4,3,1,0,0,3,2,4,1,0,0,3,3,0,0,0,0,0,0",0.6284138503551656
"5,3,1,4,4,7,0,0,3,4,0,1,1,0,0,2,0,0,0,0",0.9831940593251998
"2,5,0,3,5,3,7,3,2,0,2,0,4,4,0,0,0,0,0",0.9833516460715264
"3,1,7,1,5,1,1,2,4,2,0,0,4,0,0,0,0,0,0,0",0.7682092581188273
"4,2,3,0,1,0,2,7,5,0,3,3,5,2,0,0,0,0,0",0.9660374086143348
"1,2,2,0,5,1,4,7,3,2,3,2,3,0,1,0,0,0,0,0,0,0,0,0",0.8695415012141763
"5,3,0,4,0,1,3,0,3,7,0,2,2,1,0,0,0,0",0.9290825244331937
"5,3,0,3,0,4,0,1,0,4,4,2,0,7,0,0",0.9762522947396786
"3,0,6,3,0,1,7,4,1,3,0,3,2,2,0,0,0,0,0,0",0.9843646597539675
"5,2,7,1,0,1,0,3,3,0,0,4,1,0,0,0",0.6348401043837186
"6,4,1,7,3,3,2,1,2,1,3,1,3,3,0,0,0,0,0,0,0,0,0,0,0,0",0.8332162964194412
"3,1,3,0,0,3,7,5,4,0,1,2,4,3,2,0,0,0,0,0,0,0",0.0
"5,4,0,1,4,7,0,1,4,1,4,1,2,0,0,0,0,0,0,0",0.9444241276126116
"5,4,2,1,7,3,0,3,3,0,2,2,0,0,0,0,0,0",0.5306314805236481
"5,2,1,1,2,7,3,1,4,0,0,4,0,3,0,0,0,4,0,0,0,0",0.9853825172063725
"6,4,0,4,0,2,4,2,7,0,0,0",0.8240396979406943
"1,5,0,6,1,2,0,7,3,4,3,4,1,0,2,0,0,0,0,0,0",0.7346214180964985
"5,2,7,1,4,3,0,2,0,1,3,3,4,3,0,0,0,0,0,0,0,0",0.9755444001812329
"4,0,5,4,7,4,1,4,0,1,4,4,0,0,2,0,4,1,0,0,0,0,0,0",0.0038711181011507165
"5,1,0,2,4,7,4,4,0,1,1,4,3,0,0,2,0,0,0,0,0,0",0.0
"4,0,2,7,6,2,2,1,3,2,2,0,0,0,3,0,2,0,0,0,0,0",0.976521487401583
"3,1,7,6,4,2,0,4,1,3,0,1,2,3,3,0,0,0,0,0,0,0,0,0",0.9212219117627414
"6,2,1,0,0,4,2,7,3,3,2,0,0,3,0,0,0,0",0.7928864938773945
"5,4,7,1,3,0,0,1,2,4,0,0,2,0,0,1,0,0",0.8205816279803101
"4,1,5,4,1,1,7,3,3,3,0,0,1,0,2,2,0,0,0,0,0,0,0,0",0.8474509904251627
"4,7,6,3,3,4,0,3,0,4,0,1,0,1,0,0,0,0",0.7189530584001451
"3,5,3,2,1,0,1,1,2,0,2,4,2,0,0,7,0,0,0,0,0,0",0.661240428820691
"1,5,0,3,6,1,3,7,4,2,4,2,1,1,0,2,0,0,0,0,0,0,0,0,0",0.7782889564524347
"1,0,1,5,0,1,0,6,0",0.0
"5,4,0,3,7,2,0,0",0.0
"3,4,1,0,6,0,3,7,1,5,2,0,0,0,0",0.9441874523756378
"6,2,0,2,4,4,3,7,3,0,0,1,1,1,0,0,0,0,0,0",0.9965196162441042
"4,7,4,4,2,5,3,1,3,0,0,0,0,5,4,0,0,1,0,0,0",0.7228445641421181
"4,6,2,0,0,5,1,2,2,7,1,1,0,0,0,0,0",0.13064367108621358
"1,2,1,7,5,2,1,0,3,3,2,1,0,0,0,0,0,0,0,0",0.8501800436818685
"1,1,2,3,6,2,0,7,6,0,5,0,4,0,0,2,0,0",0.7850614791547785
"3,3,3,0,3,4,6,0,0,5,1,7,0,0,0",0.8531941089463976
"5,1,3,7,1,2,3,0,4,4,0,0,0,4,0,0,0,0",0.9837455716415137
"5,3,7,3,1,0,0,0",0.9999999997679132
"3,1,4,0,5,1,7,0,5,1,2,2,2,0,0,2,0,0,0,0,0",0.5766957781685852
"2,1,7,5,0,1,0,6,1,0,0",0.9586139790774607
"1,7,4,4,0,4,6,0,2,4,4,5,4,4,0,0,0,0,0,0,0",0.012453204369671064
"5,4,0,1,2,7,1,4,0,4,4,2,0,0,0,0,0,0",0.0
"4,7,2,5,1,0,1,0,1,2,4,2,4,0,0,0,0,0,0,0",0.6975334091188586
"2,2,5,0,7,6,2,1,3,4,2,1,0,1,0,0,0,0,0,0,0",0.7230274232501092
"6,2,7,3,0,2,0,3,1,2,0,1,0,0,0,0",0.999999996744038
"6,2,2,3,3,1,4,7,2,3,3,3,0,0,0,0,0,0,0,0,0,0",0.9381137825477505
"2,5,0,5,2,3,4,3,7,2,0,0,0,3,4,0,0,0,0",0.528280276917915
"5,1,0,4,0,2,2,1,3,7,4,0,2,0,0,0,0,0",0.0
"2,4,0,5,3,1,7,1,1,0,3,4,3,0,0,0,0,0,0,0",0.21599896896289755
"2,6,0,3,6,3,0,3,0,1,1,2,0,0,0,7,0",0.9264858109107619
"1,6,0,1,2,7,5,0,1,1,5,4,0,3,2,0,0,0,0,0",0.0
"4,1,0,3,7,0,6,3,0,4,2,2,0,0,0,0",0.8242645996651342
"5,1,0,1,0,3,4,3,7,3,4,0,1,4,0,0,0,0,0,0",0.9580589340670301
"1,6,3,1,7,4,2,2,2,2,3,1,0,1,0,2,0,0,0,0,0,0,0,0,0,0",0.9075259095791699
"4,5,0,3,0,5,1,2,7,3,0,0,2,4,0,0,0",0.24694751767012202
"6,3,0,1,7,1,3,0,2,4,3,0,0,0,0,0",0.6231649165928679
"1,3,5,1,7,1,1,3,0,4,2,2,0,0,0,0,0,0,0,0",0.9218559893061619
"3,5,0,2,4,2,7,6,4,4,3,0,4,4,3,0,0,0,0,0,0,0,0",0.34303105960725416
"5,1,7,4,2,0,1,2,0,3,2,1,1,0,0,0,0,0,0,0",0.9965196724227775
"4,5,0,4,7,6,2,1,0,2,0,3,0,3,4,0,0,0,0",0.9822266779216705
"6,1,7,1,2,2,0,0,0,2,3,1,3,0,0,0,0,0",0.5068154341532493
"4,7,5,3,0,2,0,4,0,4,3,3,0,0,0,4,0,0",0.6976758825519052
"6,4,7,1,3,4,1,4,0,2,0,0,4,0,1,0,0,0,0,0",0.0
"6,4,7,4,0,3,1,0,3,4,0,0,0,0",0.8191747786232948
"4,3,4,6,1,3,3,7,3,2,3,3,4,3,0,0,0,0,0,0,0,0,0,0,0,0",0.6156825378892755
"5,4,0,1,0,3,1,0,0,7",0.9290824567921007
"4,3,4,0,7,6,4,1,0,4,0,0,2,3,1,0,4,0,0,0,0,0",0.6915929179642378
"6,2,1,7,4,4,1,0,4,3,1,2,0,2,0,0,0,0,0,0,0,0",0.7839037859573434
"5,1,7,2,0,3,1,3,4,0,0,0,0,2,0,0",0.9853825151256337
"4,5,2,0,4,1,3,3,7,3,2,2,1,3,0,0,0,0,0,0,0,0,0,0",0.5629266070915567
"6,2,4,2,1,0,7,4,4,0,0,0,0,0",0.9564744696900023
"6,3,7,3,0,1,0,1,2,3,2,3,4,4,0,0,0,0,0,0,0,0",0.8191747786232948
"1,6,0,6,3,0,2,7,2,0,0",0.516280576460163
"6,1,2,2,7,1,4,3,4,1,0,2,0,0,0,0,0,2,0,0,0,0",0.8191747786232948
"2,1,2,0,0,0,4,7,6,4,3,2,3,2,4,0,3,0,0,0,0,0,0,0",0.8395149190893192
"3,0,6,4,7,4,0,4,1,0,1,0,4,0,0,0",0.8361366938890964
"6,4,1,7,0,4,0,3,4,2,4,2,0,0,0,0,0,0",0.9853825038552514
"3,1,1,5,0,1,7,3,0,4,2,2,2,0,1,0,6,0,0,0,0,0,0",0.9625700863665222
"3,6,3,3,0,7,0,2,0,1,3,2,2,0,0,0,0,0",0.5858684647024414
"6,3,0,4,2,2,0,3,4,0,0,1,1,1,0,7,0,0,0,0",0.8893505006763944
"2,3,7,2,2,5,4,3,1,1,0,0,0,2,0,0,0,0,0,0",0.97955707009854
"5,2,2,1,2,7,0,0,2,0,0,2,4,1,0,0,0,0",0.9853825065719174
"2,5,2,7,4,0,3,2,3,3,0,2,0,2,0,0,0,0,0,0",0.26404285404743727
"1,1,7,6,2,2,0,3,2,2,0,1,3,0,2,0,0,0,0,0,0,0",0.806659435969415
"5,4,0,4,1,4,0,0,7,3,4,1,3,0,0,0,0,0",0.9928187685697011
"6,4,1,1,0,4,4,7,2,1,0,4,3,0,0,0,2,0,0,0,0,0",0.7692574132245119
"5,2,4,0,2,2,1,4,0,0,2,7,0,0,2,0,0,0",0.6218572892438776
"2,5,2,7,1,0,4,0,3,4,4,0,3,0,0,0,0,0",0.3492065050332803
"6,1,2,0,1,3,0,0,0,7",0.999999996744017
"6,3,0,4,0,3,4,4,7,4,1,2,1,3,0,4,0,0,0,0,0,0,0,0",0.8312136848479862
"2,3,7,1,3,3,6,2,4,3,2,2,0,0,0,0,0,0,0,0,0,0",0.24751541708630612
"4,5,0,3,2,1,2,2,5,0,5,3,7,1,0,0,0,0,0,0",0.3116159879201427
"6,3,3,1,7,0,0,4,2,0,0,1,0,0",0.8191747786232948
"3,1,3,0,4,7,0,0,0",0.8547817322288435
"5,3,3,4,0,3,1,4,7,3,2,4,3,2,0,0,0,0,0,0,0,0,0,0",0.9852458949950142
"5,4,7,4,4,0,0,2,3,4,3,4,1,2,4,0,0,0,0,0,0,0,0,0",0.7118149709815564
"4,7,4,2,0,4,2,6,4,2,0,2,3,3,0,0,0,0,0,0,0,0",0.9938582178898808
"6,2,0,3,7,3,4,0,0,0",0.8191747786232948
"1,0,5,3,0,4,7,1,4,2,1,0,4,2,0,3,0,0,0,0,0,0",0.9698349262434803
"2,2,3,3,5,0,1,7,5,0,0,0,6,4,3,0,0,0",0.5294769277204853
"1,0,2,3,0,5,4,2,1,3,2,7,0,4,0,0,0,0,0,0",0.9564045364648706
"4,0,6,3,0,4,7,0",0.8361366938890962
"5,3,0,2,7,4,0,4,0,0",0.9296906433650531
"4,6,2,3,3,1,0,2,1,2,3,0,0,0,2,7,1,0,0,0,0,0,0,0",0.5169401112467283
"4,0,1,0,6,1,7,4,0,1,2,3,0,0,0,0",0.20912531325350117
"6,4,7,4,0,3,3,1,4,0,4,1,3,0,0,0,0,0,0,0",0.8191747786232948
"5,3,7,2,2,0,1,0,4,3,0,0,4,0,0,0",0.5521139518977827
"6,4,0,3,3,0,4,4,2,0,7,0,4,4,0,0,0,0",0.8454567970646483
"3,6,3,1,7,2,1,3,0,2,4,2,0,0,4,0,0,0,0,0,0,0",0.984364650288384
"1,0,3,6,0,1,4,4,6,2,7,2,1,0,0,0,0,0,0",0.683967859479717
"6,2,1,7,4,3,0,1,3,2,1,4,3,0,0,0,0,0,0,0,0,0",0.9999999985308057
"4,3,6,0,6,4,7,1,3,1,4,1,0,4,3,0,0,0,0,0,0,0,0",0.7889998226023601
"5,3,7,1,3,1,1,4,0,3,4,4,0,0,0,0,0,0,0,0",0.595692577556471
"6,2,4,0,0,2,7,2,4,2,0,3,0,0,0,0",0.9965196759045428
"6,4,2,4,0,2,4,4,0,1,4,0,3,0,0,0,0,0,0,7",0.9897955784191131
"6,3,4,4,7,1,3,1,0,1,2,3,0,0,0,0,0,0,0,0",0.9785916755475226
"3,7,6,1,0,2,0,1,1,1,3,1,0,0,1,3,0,0,0,0,0,0",0.7079954849253293
"3,0,6,3,4,1,0,7,2,1,3,0,0,3,1,0,0,0,0,0",0.9094097038987845
"5,1,2,2,4,1,7,1,0,2,3,3,0,0,0,4,0,0,0,0,0,0",0.9811710034020125
"6,3,7,3,0,1,1,0,2,0,0,0",0.6119626922565821
"5,4,0,2,2,7,3,4,2,1,0,2,4,2,0,0,0,0,0,0,0,0",0.9837460310400257
"5,1,7,1,4,0,0,3,4,0,0,4,0,0",0.9290827518477707
"6,1,7,1,1,1,0,1,3,3,2,0,0,0,0,3,0,0,0,0",0.6090798971107718
"1,6,0,3,6,4,7,2,0,3,1,4,0,0,2,0,0,0,0",0.0
"5,2,1,0,2,1,4,7,2,0,3,3,0,0,0,0,0,0",0.5111758359268962
"6,4,7,3,0,1,3,0,0,2,4,1,0,4,0,0,0,0",0.9852250773003426
"6,1,0,1,1,2,7,0,0,0",0.9965196759719562
"3,3,1,0,7,5,1,1,3,4,0,2,2,4,3,0,0,0,0,0,0,0,0,0",0.8547618959590292
"6,1,0,1,1,7,4,2,0,0,2,0,0,0",0.0
"6,2,7,1,1,0,4,2,3,4,3,0,1,0,1,0,0,0,0,0,0,0",0.6361430921060626
"3,7,6,1,0,4,3,3,0,0,4,0,4,0,3,0,4,0,0,0",0.7702087019294732
"1,3,0,5,3,3,0,0,4,0,0,0",0.0
"4,7,6,4,0,2,4,3,0,0,1,2,4,1,2,0,0,0,0,0,0,0",0.8602100338631636
"3,5,2,2,0,0,1,0,4,0,7,2,5,0,0",0.836205026267814
"1,6,2,0,4,0,1,7,0,2,1,5,4,0,4,0,0,0,0",0.6358170555210307
"5,4,0,3,7,4,1,0,0,4,3,3,1,1,4,0,0,0,0,0,0,0",0.9944814460568571
"6,3,2,0,7,2,0,2,4,0,1,0,1,4,0,0,0,0",0.9199649706398705
"3,5,4,3,0,1,0,7,1,2,0,0,0,2,0,0",0.6845969238602054
"5,1,0,2,0,2,2,2,3,0,3,0,0,0,0,7",0.9896179392891241
"4,6,1,3,0,0,2,0,7,0",0.45339970301718674
"1,7,5,3,1,4,1,3,2,2,2,2,0,2,0,0,0,0,0,0,0,0,0,0",0.7183058231705954
"5,2,4,7,3,2,2,1,0,3,0,2,3,0,0,0,0,0,0,0",0.7140028267215097
"5,2,1,1,2,0,0,1,3,0,7,0,1,0,0,0",0.9837459982082765
"1,7,5,1,4,4,3,3,1,4,2,3,2,0,1,0,0,0,0,0,0,0,0,0,0,0",0.956058241589695
"6,2,0,3,2,2,7,2,3,0,0,4,1,3,0,0,0,0,0,0",0.9380845855554366
"5,1,0,3,0,4,4,7,4,0,1,4,1,0,0,0,0,0",0.9855300965262372
"6,2,7,3,4,0,0,0",0.985382512341951
"5,3,0,4,2,3,3,7,2,1,4,1,4,3,0,0,0,0,0,0,0,0,0,0",0.9837460753599927
"6,3,7,2,2,2,2,0,0,0,1,2,4,0,0,0,0,0",0.6900853997258676
"3,4,6,0,2,6,0,6,1,4,3,7,2,4,4,0,0,0,0,0,0,0",0.3575254504198633
"5,1,2,3,4,0,0,7,2,0,3,4,4,0,0,0,0,0",0.9290826299636028
"6,4,7,4,4,2,3,0,2,0,3,3,0,1,0,0,0,0,0,0",0.9765807633742444
"1,7,6,2,0,1,0,3,2,3,0,0,4,3,0,0,0,0",0.832234805304108
"2,2,5,0,4,0,6,1,0,0,4,5,3,3,2,7,0,0,0,0",0.18335702486071748
"5,4,4,1,7,3,1,0,0,1,0,0,0,2,0,0",0.0
"2,5,0,6,3,3,0,7,2,4,3,3,3,0,0,0,0,0,0",0.5775013171067764
"4,6,4,0,0,6,3,7,2,4,3,3,3,0,0,3,0,0,0,0,0",0.923633992749177
"6,2,0,2,7,4,4,0,3,0,1,2,0,1,4,0,0,0,0,0",0.9243203935371017
"4,6,4,4,3,0,2,7,3,3,2,0,0,4,0,0,0,0,0,0",0.9673884850519906
"6,3,4,0,1,4,7,4,0,1,2,3,0,0,0,0,0,0",0.8430273544932961
"6,1,2,1,0,0,7,2,1,4,0,4,0,4,0,0,0,0",0.9965194557251014
"5,2,2,0,7,4,1,4,4,1,1,0,2,3,4,0,0,0,0,0,0,0,0,0",0.7917885546082564
"5,3,7,4,2,0,0,0",0.6845969238602054
"5,1,4,7,1,4,2,0,0,2,2,3,0,4,1,0,0,0,0,0,0,0",0.0
"6,3,4,4,7,0,4,0,2,3,1,2,0,4,0,0,0,0,0,0",0.9400292660790311
"6,2,7,3,0,2,1,2,4,3,3,0,4,3,0,0,0,0,0,0,0,0",0.9612303929976486
"6,4,0,3,0,3,2,4,2,4,7,0,4,4,0,1,0,0,0,0,0,0",0.9881449452186498
"5,4,1,3,0,0,3,2,3,0,7,0,0,0",0.9837460474389957
"1,6,3,7,4,0,3,3,1,2,3,0,2,4,0,0,0,0,0,0,0,0",0.8021490414919218
"6,2,1,0,3,7,0,1,0,0",0.8191747786232948
"2,3,4,1,6,0,7,2,0,6,3,2,0,0,0,0,0",0.13717845157856
"4,6,0,3,6,0,6,2,0,7",0.7654270974949946
"3,4,6,4,3,0,7,1,1,4,2,0,4,4,0,0,0,0,0,0,0,0",0.8191747786232948
"6,2,0,3,4,0,4,4,4,0,7,4,2,1,0,0,3,0,0,0,0,0",0.8428481505701566
"2,6,2,4,4,4,2,0,2,1,3,0,7,4,0,0,0,0,0,0,0,0",0.2954200054616831
"4,6,4,7,0,5,4,0,1,3,2,4,3,3,2,0,0,0,0,0,0,0,0",0.38056563919042063
"2,0,4,0,3,2,0,7,5,3,0,3,0,1,0,0",0.9525161551537172
"5,4,0,2,0,1,0,4,4,4,7,4,1,0,0,0,0,0",0.9784432265323866
"6,1,0,4,1,1,4,0,0,2,4,1,2,7,0,0,0,0,0,0",0.6749556869113821
"1,1,4,0,1,2,3,0,2,7,3,4,5,0,0,5,0,0,0,0,0",0.30195967466897833
"5,2,7,4,0,4,0,2,1,2,1,1,0,1,0,0,0,0,0,0",0.8893504594548683
"6,3,1,1,0,1,2,7,0,1,0,4,0,2,0,3,0,0,0,0",0.8894313039582322
"4,3,7,2,4,0,0,5,1,0,4,0,4,0,0,0",0.8715475305358754
"5,4,0,4,1,2,1,7,2,0,4,0,2,0,0,0,0,0",0.0
"1,6,3,7,4,0,3,0,1,0,4,4,0,4,0,0,0,0",0.8349530309014696
"6,1,7,1,0,4,3,0,3,1,4,2,0,0,4,0,4,0,0,0,0,0",0.8893037254265255
"5,4,3,4,7,0,0,3,1,4,2,0,0,1,0,1,0,0,0,0",0.879445506247447
"2,7,4,4,6,2,0,1,0,0,1,2,0,0,6,0,0",0.9110617461817083
"6,3,7,3,2,4,2,3,0,3,3,3,0,0,2,0,0,0,0,0,0,0",0.632667231962282
"5,4,3,1,7,2,0,1,1,1,4,0,4,2,4,0,0,0,0,0,0,0,0,0",0.8103712479634501
"6,3,7,1,3,0,3,3,4,1,1,4,0,0,2,0,0,0,0,0,0,0",0.6077466307706209
"6,1,7,3,0,4,1,3,0,4,0,0,3,0,3,0,0,0",0.5460408665113696
"4,6,0,4,5,0,6,4,7,2,3,0,2,0,0,0",0.8039906950370495
"5,4,1,3,0,7,0,3,1,0,0,2,4,3,0,0,0,0",0.0
"6,1,0,3,7,2,2,0,3,3,1,0,2,0,0,0,0,0",0.8712770578771081
"5,4,7,2,0,1,3,0,3,2,2,2,0,0,0,0,0,0",0.7097088156807261
"3,5,0,5,3,2,0,7,0",0.9903654047365573
"6,1,4,7,3,2,4,1,0,3,0,0,2,1,0,0,0,0,0,0",0.9742095174630562
"5,2,7,4,3,2,2,1,4,0,4,1,3,0,0,0,0,0,0,0,0,0",0.9819006829164486
"1,5,0,6,1,3,0,0,1,2,7,4,1,0,1,0,0,0,0",0.7601247597448887
"2,7,3,6,4,3,4,2,1,0,0,4,0,0,0,3,0,0,0,0",0.8372111686455165
"6,2,3,7,4,3,2,4,0,2,0,0,2,0,0,0,0,0",0.0
"6,4,7,3,2,1,0,0,0,1,3,3,0,0,0,1,0,0",0.9696261205941955
"6,2,0,3,2,3,0,0,0,0",0.0
"6,2,1,4,7,3,1,3,1,4,0,2,0,4,4,0,0,0,0,0,0,0,0,0",0.8551152553427142
"6,2,7,2,0,4,0,1,1,3,1,2,0,0,0,0,0,0",0.9851296800056368
"3,1,0,7,5,0",0.9327454338827689
"3,6,1,0,4,4,7,0,0,6,1,3,4,3,3,0,0,0,0,0,0",0.7444130812720613
"3,5,2,7,4,1,2,0,3,0,2,3,2,0,0,0,0,0,0,0",0.8898587746415738
"6,3,0,4,0,4,4,0,3,4,7,3,2,2,0,0,0,0,0,0",0.8430281540592122
"1,5,1,1,0,0,0,0",0.0
"5,1,0,4,7,2,3,2,1,1,0,4,0,0,3,0,0,0,0,0",0.8808728242400792
"5,3,0,2,4,7,0,4,1,0,0,0",0.9965196759134719
"6,4,7,1,4,0,0,3,4,2,2,2,2,3,0,0,3,0,0,0,0,0,0,0",0.9721825324757335
"2,7,1,5,1,0,4,3,1,3,1,2,0,0,3,0,0,0,0,0,0,0",0.876007311125502
"6,2,7,4,2,0,0,1,1,2,1,2,2,3,0,0,0,0,0,0,0,0",0.929082753975858
"6,1,7,4,2,0,0,0",0.929082753975858
"2,4,1,5,3,1,2,0,0,0,0,3,4,3,0,0,0,7,0,0",0.7140945813741788
"3,4,7,6,2,0,0,1,6,3,0,1,2,1,2,0,4,0,0,0,0,0,0",0.8329912232865596
"1,7,1,5,0,5,2,1,3,2,3,4,4,1,0,0,0,0,0,0,0,0,0",0.99663710737003
"5,2,1,0,4,1,3,0,3,4,4,3,7,3,0,0,0,0,0,0,0,0",0.8977557066686983
"6,1,3,0,1,0,1,4,0,7,4,3,0,0,0,0",0.6270331766147683
"1,5,1,7,1,2,0,2,2,0,1,3,2,0,0,0,0,0,0,0",0.8014433226551877
"5,4,0,4,0,7",0.9290825673414603
"2,5,3,7,1,1,4,0,4,0,2,0,0,3,0,0,0,0",0.0
"4,6,0,5,3,7,3,0,1,0,2,1,0,0,0",0.5019395009031734
"5,4,0,3,4,7,3,4,0,0,0,2,1,0,0,0",0.9837460310395777
"1,5,0,1,5,0,0",0.0
"5,2,0,4,2,2,0,0,0,0",0.0
"1,0,2,0,5,1,0,1,2,0,1,1,7,3,0,3,0,0,0,0",0.6090481930981999
"1,4,3,5,3,2,0,0,4,7,0,4,3,6,0,0,4,0,0,0,0",0.8361366938890962
"6,1,0,3,2,0,3,2,7,2,4,4,4,2,0,0,0,0,0,0,0,0",0.8843458632825151
"6,1,7,4,0,1,2,2,3,3,0,0,0,0,0,3,0,0",0.6551913986658808
"1,6,0,5,4,0,2,4,7,3,0,0,1,3,0,2,0,0,0",0.7178084823051404
"6,4,7,3,1,4,4,3,3,0,1,0,0,4,0,0,0,0,0,0",0.9874387329501209
"5,4,7,3,0,2,3,0,0,4,1,4,4,1,0,0,0,0,0,0",0.6929474880404557
"1,1,4,6,4,7,0,2,1,4,0,5,3,2,0,0,0,0,0,0,0",0.0
"3,7,6,2,3,2,0,4,3,4,0,2,1,0,0,0,0,0,0,0",0.9092224206402252
"2,7,3,3,6,1,4,0,1,1,0,0,3,1,4,0,0,0,0,0,0,0",0.9147621691689314
"5,1,7,1,2,4,2,3,2,1,3,0,4,0,3,0,0,0,0,0,0,0,0,0",0.9290825673429509
"6,3,2,0,1,7,4,4,2,3,0,1,2,1,0,0,2,0,0,0,0,0,0,0",0.8614693888423547
"3,7,5,4,2,2,0,3,1,2,1,0,1,0,0,0,0,0,0,0",0.7027278236282916
"6,2,3,3,7,0,4,3,0,2,1,4,4,2,3,0,0,0,0,0,0,0,0,0",0.9733302911443753
"2,0,2,7,5,3,4,4,3,0,1,3,0,2,0,0,0,0,0,0",0.8596115299512592
"5,1,4,0,3,4,2,2,7,2,4,2,4,4,0,0,3,0,0,0,0,0,0,0,0,0",0.9622120545896559
"6,1,1,7,0,2,0,0",0.9853825038552514
"6,1,0,4,7,2,0,4,1,3,4,4,0,4,0,0,4,0,0,0,0,0",0.9853825123418923
"5,4,0,4,1,4,0,2,2,2,7,3,3,2,0,0,0,0,0,0,0,0",0.6937332737345772
"6,1,0,2,4,3,7,3,1,0,2,0,0,0,0,1,0,0",0.8191747786232948
"6,4,0,3,0,2,0,2,0,2,0,7",0.990783965448244
"2,0,3,2,6,1,4,7,1,2,1,3,0,0,1,0,0,0,0,0,0,0",0.46626565372985246
"1,0,2,5,4,0,0,5,4,3,3,4,1,7,0,0,0,0,0",0.8702286712771632
"6,1,4,7,1,3,4,0,3,0,1,3,4,0,0,0,0,0,0,0",0.9909438143277602
"4,0,6,1,7,1,1,1,3,0,2,0,4,1,1,0,0,0,0,0,0,0",0.10929961635666365
"6,2,0,3,1,4,7,3,1,0,3,0,4,0,0,0,0,0",0.9184180749557346
"3,7,5,4,3,3,2,1,2,0,2,3,0,0,1,0,0,0,0,0,0,0",0.7406884522190912
"3,2,1,7,4,6,1,0,0,3,2,3,5,0,0,0,0,0,0",0.00012078774420208179
"6,2,7,4,4,4,1,4,2,0,0,2,4,4,2,0,0,0,0,0,0,0,0,0",0.7248344801450722
"5,2,0,4,3,1,2,0,7,3,3,2,3,1,2,0,0,0,0,0,0,0,0,0",0.9695461957783871
"2,7,2,3,6,4,4,2,1,4,3,4,2,4,0,0,0,0,0,0,0,0,0,0,0,0",0.7149599352516698
"5,4,3,4,7,1,0,2,0,0,1,3,2,0,0,0,0,0",0.9753131291841307
"5,1,4,4,7,1,0,4,0,4,0,1,0,0,0,0",0.959814883267164
"2,7,4,5,0,3,1,4,3,4,5,4,4,2,0,0,0,0,0,0,0,0,0",0.8801755744130499
"5,4,3,3,1,1,3,4,7,3,1,0,3,1,3,0,0,0,0,0,0,0,0,0,0,0",0.6352003979683747
"3,6,4,4,1,7,4,4,0,1,0,0,3,0,1,1,0,0,0,0,0,0",0.8407511591732622
"6,3,2,1,7,0,4,0,3,4,0,3,0,0,0,0",0.8191747786232948
"4,5,0,1,3,0,5,1,1,3,4,7,2,0,0,0,0,0,0",0.0
"5,1,2,0,3,0,3,0,4,2,0,3,7,4,0,0,0,0",0.9296906603560998
"6,1,2,3,7,4,0,0,0,4,0,3,0,4,0,0",0.9853825168312363
"2,5,4,3,7,3,2,1,0,3,1,3,0,0,0,0,0,0,0,0",0.32326327066007415
"5,2,2,2,7,0,3,0,3,0,0,0",0.5868258515569522
"4,1,4,6,3,7,2,2,0,0,0,6,3,4,4,0,0,0,0,0,0",0.5434263498113093
"4,7,1,0,5,1,4,0,0,3,4,4,0,0,0,0",0.8642652482869717
"6,3,2,3,4,7,1,4,2,4,0,3,0,4,3,0,0,0,0,0,0,0,0,0",0.8324381065045292
"2,5,0,2,6,4,7,2,0,2,3,1,2,0,0,0,0,0,0",0.8430181016871053
"6,3,0,3,0,2,3,0,7,2,4,0,0,4,2,2,0,3,0,0,0,0",0.8342942592842497
"6,4,4,1,2,7,4,2,1,2,2,2,1,0,2,0,0,0,0,0,0,0,0,0,0,0",0.4641711944913049
"4,4,2,7,0,4,3,5,0,4,1,6,0,0,0,0,0",0.7739831399430167
"1,0,6,3,2,7,4,0,4,0,3,0,4,3,0,0,0,0",0.7955496461372226
"3,0,2,5,0,3,0,1,6,1,1,7,0,0,0",0.9048832621374217
"2,7,5,4,0,2,0,0",0.0
"2,4,4,6,0,0,6,2,1,7,2,3,3,3,0,0,0,0,0,0,0",0.3023437886233354
"4,3,3,7,6,0,5,0,0",0.7509530619336751
"5,3,7,1,1,0,4,1,0,0,2,1,4,1,0,0,0,0,0,0",0.983746062506692
"2,5,0,4,7,5,0",0.9910043327286244
"1,2,7,4,1,5,3,4,0,1,1,0,3,0,0,0,0,0,0,0",0.93423061046055
"6,1,0,2,7,3,0,2,1,0,1,2,0,2,4,0,0,0,0,0",0.6264910169736476
"6,2,1,0,1,0,7,4,4,2,0,4,2,0,2,0,0,0,0,0",0.9489396700644221
"4,5,0,4,0,6,2,7,3,1,4,4,4,0,0,0,0,0,0",0.9050222342578651
"2,4,0,5,0,4,0,3,7,5,3,3,1,0,0,0,0",0.9078414562856232
"4,6,2,3,7,0,3,1,0,2,1,3,3,4,2,2,0,0,0,0,0,0,0,0,0,0",0.9576657308758485
"5,4,3,0,3,2,0,7,1,2,4,1,1,1,0,4,2,0,0,0,0,0,0,0,0,0",0.8893505368664497
"4,2,7,6,0,5,1,1,2,2,4,1,1,2,0,0,0,0,0,0,0,0,0",0.9558841547914304
"4,6,0,6,1,0,3,4,2,3,7,1,1,0,0,0,0,0,0",0.7381158365443911
"1,1,4,0,6,4,3,0,0,7,6,0,4,5,0,0",0.2515004889824326
"1,0,1,5,2,7,1,3,0,2,0,4,2,2,0,0,0,0,0,0",0.3206550034237831
"6,1,0,2,3,7,1,4,3,4,0,0,3,1,0,0,0,0,0,0",0.6071331559095183
"2,5,2,7,1,3,2,0,0,1,4,4,1,4,2,0,0,0,0,0,0,0,0,0",0.5416622161505456
"1,7,6,2,3,3,1,0,0,1,4,1,3,1,3,0,0,0,0,0,0,0,0,0",0.5859873059699545
"6,3,2,2,2,7,3,3,2,1,0,0,0,0,3,0,0,0,0,0",0.6501004245310399
"3,6,3,0,0,4,3,3,1,6,3,1,3,7,0,0,0,0,0,0,0",0.5891085757497486
"4,5,0,3,3,3,7,0,2,0,0,2,0,3,5,0,0",0.0
"2,7,5,3,3,3,4,3,4,0,0,2,0,0,0,0,0,0",0.9290827540965638
"6,2,4,1,2,7,1,2,1,0,4,0,2,2,0,0,0,0,0,0,0,0",0.7057818291088587
"1,5,4,2,7,2,2,2,0,3,1,4,1,0,1,1,0,0,0,0,0,0,0,0,0,0",0.7423584390630323
"4,7,5,4,0,4,1,2,3,2,4,0,0,0,2,0,0,0,0,0",0.0
"6,1,1,0,0,4,7,1,4,2,3,0,0,0,0,0",0.0
"3,7,6,3,0,2,0,0",0.9290827540965638
"4,5,2,7,1,4,0,0,0,1,5,1,0,0,5,0",0.9582054060630972
"4,6,2,0,0,6,1,7,0",0.2501733564295022
"5,3,0,3,7,1,4,0,2,4,1,0,0,0,0,0",0.7147656411443701
"3,0,6,1,0,2,7,3,0,4,4,0,3,3,0,0,0,0",0.8584419954926795
"6,1,2,1,4,0,0,1,3,2,4,7,1,3,1,0,0,0,0,0,0,0,0,0",0.9690312380842456
"5,3,0,1,3,2,7,0,3,1,1,1,0,1,0,2,0,0,0,0,0,0",0.8937001905741914
"3,0,6,4,0,2,2,3,2,2,0,3,4,1,3,0,7,0,0,0,0,0,0,0",0.9854169209476711
"1,5,4,4,3,3,0,4,3,2,0,0,7,1,0,0,0,0,0,0",0.8361366938890962
"5,3,1,3,2,4,7,1,3,3,0,0,0,4,0,0,0,0,0,0",0.8868031728659762
"2,6,0,6,4,2,3,3,7,4,3,0,3,2,0,0,0,0,0,0,0",0.561319199827962
"6,4,1,3,1,7,2,3,0,2,3,4,4,0,3,0,0,0,0,0,0,0,0,0",0.8893037289760236
"6,2,7,4,0,3,2,2,0,0,3,2,4,0,0,0,0,0",0.8486081855620864
"1,0,5,2,1,3,0,0,3,7,1,1,0,2,0,0,0,0",0.6126621550265265
"5,4,4,4,7,0,4,4,4,0,0,3,0,1,0,0,0,0",0.9837460675015816
"6,2,7,3,2,0,0,1,3,4,0,4,1,3,1,0,0,0,0,0,0,0",0.929082753975858
"2,4,1,5,4,1,0,2,0,0,0,1,0,6,0,0,7",0.32562853619624876
"2,2,6,1,1,3,3,0,0,1,0,1,4,0,7,0,0,0,0,0",0.12841186147219327
"2,7,1,5,4,2,3,0,3,4,2,0,3,0,0,0,0,0,0,0",0.7789364512238015
"5,4,0,2,7,3,0,2,4,1,0,0,3,0,0,0",0.7027160594518065
"6,3,4,4,1,0,0,3,2,4,1,0,0,7,0,0,0,0",0.9914136958372031
"5,1,4,4,1,0,0,0,4,3,4,4,4,1,0,0,7,0,0,0,0,0",0.9837460705830627
"1,0,3,6,3,0,7,2,0,6,0",0.986177422675858
"6,1,7,2,4,1,2,3,0,4,2,2,0,4,0,0,0,0,0,0,0,0",0.9766766060728892
"3,1,2,7,0,3,3,6,4,1,3,2,3,0,0,0,0,0,0,0,0,0",0.7284452933482178
"2,0,2,6,2,3,2,4,0,0,3,0,1,0,0,0,0,0",0.0
"3,5,4,4,3,7,0,0,3,0,2,0,0,6,3,0,0",0.0
"5,2,7,1,3,2,0,3,4,1,0,0,2,1,0,0,4,0,0,0,0,0",0.0
"3,0,5,1,0,2,2,1,2,7,4,2,0,3,0,0,0,0,0,0",0.8898590788141113
"4,1,1,4,7,5,3,3,3,0,1,4,3,1,0,4,0,0,0,0,0,0,0,0,0,0",0.564711379876508
"5,1,4,0,1,4,0,0,0,4,4,0,0,1,0,0",0.0
"5,4,7,4,2,0,1,2,3,3,2,3,1,1,0,0,0,0,0,0,0,0,0,0",0.5289446197016777
"1,7,6,4,3,2,0,2,2,4,0,0,2,1,0,3,0,0,0,0,0,0",0.497989071728012
"6,1,0,3,7,1,1,1,3,3,2,0,1,0,0,4,0,0,0,0,0,0",0.7214427944057114
"5,4,2,7,0,0",0.8962992239190707
"6,3,7,4,4,2,3,4,4,1,3,1,1,1,0,0,0,0,0,0,0,0,0,0,0,0",0.7050644737638136
"4,1,5,4,0,0,7,4,3,4,3,6,0,0,0,0,0",0.8423312332159956
"6,1,4,0,3,0,2,7,3,1,3,4,3,0,0,0,0,0,0,0",0.7827908997311929
"1,6,0,2,0,3,0,0",0.0
"5,1,1,7,1,2,4,1,4,3,0,4,0,0,0,0,0,0,0,0",0.9766766623208165
"3,0,2,2,0,5,0,7",0.920309362226352
"4,0,6,4,0,1,3,7,4,0,1,2,0,4,0,0,0,0",0.0
"4,3,6,3,7,4,0,3,3,1,3,0,4,4,0,0,0,0,0,0,0,0",0.9847293659565473
"5,1,1,1,3,1,3,0,0,4,7,4,4,3,0,0,0,0,0,0,0,0",0.5879078262060861
"4,6,0,5,4,1,0,7,4,0,0",0.8356416846875462
"1,1,2,4,0,0,1,2,6,0,1,0,0,6,0,7,0",0.2617393725981684
"3,0,2,1,5,0,1,7,2,5,0,4,4,3,0,4,0,0,0,0,0",0.8635647924639437
"5,2,4,1,2,3,0,0,7,0,2,0,3,1,4,0,0,0,0,0",0.855466591221091
"1,7,6,1,3,1,4,0,3,3,3,2,1,1,0,0,0,0,0,0,0,0,0,0",0.9247954303905079
"6,2,0,2,1,0,0,7",0.985382512341951
"2,0,2,1,5,0,5,4,4,4,4,0,4,7,0,0,0,0,0",0.8521679061538749
"6,3,3,0,3,3,0,3,7,2,1,1,0,3,0,3,0,0,0,0,0,0",0.7193558854951034
"5,4,7,1,2,4,2,2,1,3,3,3,4,4,0,0,0,0,0,0,0,0,0,0,0,0",0.6942924701074519
"4,1,4,7,5,1,2,4,2,0,1,1,1,3,0,0,0,0,0,0,0,0,0,0",0.8326728843790095
"6,2,7,2,1,0,0,3,0,0",0.9421123019416794
"4,0,1,6,3,4,0,7,1,3,1,4,1,0,0,0,0,0,0,0",0.969380405662779
"5,3,2,7,1,0,3,0,0,0",0.5519113631593096
"5,2,7,2,4,1,0,0,2,2,2,3,4,0,0,3,0,0,0,0,0,0",0.9883738872500794
"6,4,7,1,1,4,2,0,4,0,3,2,2,0,0,4,0,0,0,0,0,0",0.9413271449916899
"1,7,6,3,2,1,0,4,4,2,4,1,3,0,2,0,0,0,0,0,0,0,0,0",0.9845308571708667
"2,7,5,3,2,2,1,1,0,2,4,1,4,0,0,0,0,0,0,0,0,0",0.9427697046888934
"2,2,1,5,4,0,0,6,2,0,0,5,0,0",0.0
"1,3,7,2,1,5,3,0,4,3,0,0,0,0,5,0,0",0.9657018328619336
"3,7,3,0,1,0,1,5,4,1,2,0,1,0,1,0,0,0,0,0",0.9145094597333644
"1,7,6,1,0,1,4,0,4,1,3,2,0,0,0,0,0,0",0.7250771796982142
"5,2,2,0,4,0,3,0,2,7,0,2,0,0",0.9892400996075001
"1,5,2,4,4,0,0,0,0,7",0.508510338109759
"5,4,2,0,0,4,4,0,4,2,7,0,4,3,0,0,0,0",0.6845969238602054
"1,3,4,0,2,1,1,7,2,4,6,4,2,1,3,0,0,0,0,0,0,0,0,0,0,0",0.41318784701083316
"3,5,0,1,0,5,4,1,4,4,1,0,3,0,0,0,7,0,0",0.8448022175340165
"2,7,6,3,0,4,4,3,2,0,0,4,2,3,0,0,0,0,0,0",0.9290827540965638
"6,1,3,0,2,2,2,7,4,3,0,1,0,0,0,0,0,0",0.5940194841656444
"2,6,4,2,7,0,1,2,3,0,1,0,3,0,1,0,0,0,0,0",0.5525995143195417
"2,2,7,2,3,0,5,4,3,3,0,1,1,2,0,0,0,0,0,0,0,0",0.5829503432327965
"3,5,0,5,2,0,2,0,0",0.0
"6,1,1,4,0,4,4,4,3,3,3,7,4,3,0,0,0,0,0,0,0,0,0,0",0.6071331559111943
"3,5,0,6,3,0,3,7,0",0.9668942288628877
"5,2,2,7,3,1,4,1,1,1,0,2,0,0,0,0,0,0,0,0",0.6522971724773915
"2,0,6,4,3,4,7,1,2,4,0,1,0,0,0,0,0,0",0.6964033050461641
"3,6,1,3,3,7,0,0,3,3,0,0,4,0,3,2,1,0,0,0,0,0",0.6571670345079907
"5,4,7,3,2,3,0,3,3,0,3,3,0,0,3,0,0,0,0,0",0.8231840257876195
"6,4,1,4,4,7,0,0,0,0",0.9407724805726563
"6,2,0,1,4,1,4,4,0,4,2,0,3,3,7,1,0,0,0,0,0,0,0,0",0.6896092321291823
"6,4,0,2,7,3,0,4,4,4,3,0,1,3,0,0,0,0,0,0",0.9250923979906569
"6,2,7,1,4,3,0,3,0,3,4,0,1,2,3,0,0,0,0,0,0,0",0.9965196759044304
"3,7,4,6,1,2,0,1,0,2,3,3,1,0,0,0,0,0,0,0",0.6975245345181762
"1,7,1,4,5,3,4,2,3,1,4,0,2,2,4,0,0,0,0,0,0,0,0,0,0,0",0.0
"4,2,0,4,0,5,2,2,4,0,0,2,7,4,0,1,0,0,0,0",3.3333332426437865e-16
"5,4,7,2,2,0,0,0",0.9753131745409053
"6,1,2,7,3,0,2,0,2,0,0,0",0.9702925766814606
"5,4,7,4,0,1,3,0,2,2,4,3,2,3,3,0,0,0,0,0,0,0,0,0",0.870529856392924
"1,3,0,1,7,4,4,3,3,5,2,0,4,0,2,0,0,0,0,0,0,0",0.0
"6,2,0,3,3,0,4,4,1,1,1,4,0,7,0,0,0,0,0,0",0.6071331559111904
"2,7,3,6,3,3,2,0,3,3,3,1,0,3,0,0,2,0,0,0,0,0,0,0",0.6231812414522716
"6,4,3,0,0,4,2,1,3,7,0,0,0,4,0,0",0.8430280605578849
"2,7,5,3,0,3,0,2,0,0",0.9290827540965638
"3,5,4,0,7,3,6,3,4,3,4,0,0,3,0,0,0,0,0",0.676817561915243
"6,1,0,3,4,0,1,3,7,4,0,4,3,0,0,0,0,0",0.723415848995249
"1,6,0,4,2,0,3,6,4,3,1,2,7,0,0,2,0,0,0,0,0",0.7381158365443911
"5,2,3,4,7,1,2,3,1,3,1,1,1,0,0,0,4,0,0,0,0,0,0,0,0,0",0.49024328564103903
"1,2,7,5,1,3,3,0,3,4,0,3,0,0,3,0,3,0,0,0,0,0",0.7502825478503926
"1,1,3,5,3,1,7,2,0,0,0,2,4,1,0,0,0,0,0,0",0.3287242207438933
"1,7,4,6,3,0,3,0,0,5,1,0,0",0.06949297320944062
"4,0,2,3,7,3,4,1,0,6,4,0,3,1,3,0,0,0,0,0,0,0",0.893361769584112
"6,2,4,7,4,0,3,1,2,3,0,4,0,0,2,0,0,0,0,0",0.84302815059701
"3,4,3,7,4,5,4,0,2,2,1,3,0,3,0,0,0,0,0,0,0,0",0.6849623856741717
"6,3,4,7,4,2,3,0,3,0,0,0,0,3,0,0",0.8191747786232948
"2,1,5,0,0,1,4,2,2,5,0,3,6,0,6,0,7,0,0",0.7504716731558024
"1,7,6,4,0,4,3,1,2,1,3,2,0,0,0,0,0,0,0,0",0.9290827540965638
"5,1,1,7,0,4,1,4,2,0,2,0,3,1,0,0,0,0,0,0",0.9853825156870151
"2,3,4,1,3,7,0,5,3,4,3,4,0,1,0,0,0,0,0,0,0,0",0.9814131890257471
"5,3,4,7,1,3,3,3,0,4,4,0,0,0,2,0,0,0,0,0",0.9290825673414941
"4,2,3,0,1,3,3,4,6,4,2,1,0,1,0,3,7,0,0,0,0,0,0,0,0,0",0.8475504735128091
"3,3,0,6,0,3,7,5,4,0,0",0.8355675466667412
"6,2,3,0,7,3,1,1,4,0,2,0,3,0,0,0,0,0",0.5684303221196346
"2,3,4,1,0,7,5,1,0,4,3,3,2,0,1,0,0,0,0,0,0,0",0.1193033587489304
"2,6,2,0,7,6,2,0,0",0.645451957680268
"6,2,7,3,1,0,4,4,0,4,4,3,1,1,0,0,0,0,0,0,0,0",0.988787594210634
"1,2,6,2,7,1,1,4,4,2,2,1,1,0,1,0,4,0,0,0,0,0,0,0,0,0,0,0",0.8312681099586008
"5,4,7,2,2,4,3,2,1,3,1,0,0,4,0,0,0,0,0,0,0,0",0.0
"6,2,2,2,7,1,0,1,1,3,3,3,1,3,0,0,0,0,0,0,0,0,0,0",0.7623003362781354
"5,4,7,1,2,3,0,4,0,0,0,0",0.9753131291841307
"2,7,6,3,0,4,0,1,3,1,0,1,2,1,3,0,0,0,0,0,0,0",0.9301050434614302
"6,1,0,3,3,0,3,2,0,0,7,0",0.7381158365443911
"1,6,0,5,4,4,0,2,4,0,4,2,7,0,0,0,0",0.6773872452518301
"6,3,0,3,7,3,2,0,4,4,0,1,0,0,0,0",0.8191747786232948
"1,5,2,4,2,7,0,2,3,0,4,0,0,0,2,0,0,0",0.0
"2,5,2,1,1,2,1,4,1,2,0,4,2,0,7,0,1,0,0,0,0,0,0,0,0,0",0.13915282302938248
"6,2,4,0,3,2,0,0,7,4,1,3,1,0,0,0,0,0",0.0
"5,3,3,0,4,1,4,0,7,4,4,0,3,3,0,0,0,0,0,0",0.7427703081493873
"2,6,4,4,7,0,0,5,4,0,2,4,4,2,0,0,0,0,0",0.8224200003336929
"1,2,7,3,1,5,0,5,1,0,0,5,0,5,0",0.8575375986417464
"6,4,7,2,0,4,0,2,1,1,2,4,0,0,0,0,0,0",0.0
"2,5,0,3,0,6,0",0.0
"3,1,0,5,2,2,0,0,1,2,3,0,7,0,0,2,0,0",0.6845969238602054
"6,2,0,4,0,3,0,4,0,7",0.9742096045361365
"4,7,6,2,0,1,1,4,1,4,1,4,4,2,0,0,0,0,0,0,0,0,0,0",0.9214734277155461
"3,2,5,0,3,6,1,7,3,2,0,0,3,3,0,0,0,0,0",0.9757463749868839
"5,3,4,2,7,3,2,4,2,3,0,3,1,1,0,0,0,0,0,0,0,0,0,0",0.6147467822585049
"3,6,0,5,4,3,1,7,1,1,0,3,2,0,0,2,0,0,0,0,0",0.8076092636933018
"6,3,0,4,7,2,3,3,4,4,2,0,0,1,0,0,0,0,0,0",0.9290827539758786
"4,6,1,3,4,4,1,4,4,7,4,0,0,1,0,0,0,0,0,0,0,0",0.34600193564153453
"3,7,5,4,1,0,4,2,2,2,3,0,2,3,1,0,0,0,0,0,0,0,0,0",0.7054871729377808
"6,3,7,4,0,4,1,0,3,2,3,4,0,1,0,0,0,0,0,0",0.8191747786232949
"6,2,2,7,0,2,4,1,1,4,1,0,3,0,0,0,0,0,0,0",0.9778461416518419
"2,0,6,3,3,3,2,7,1,3,0,3,0,0,0,0,0,0",0.76996262015045
"1,0,5,3,4,0,0,2,0,7",0.7686326216157279
"3,1,5,1,3,2,2,2,7,4,0,2,4,0,0,0,0,0,0,0,0,0",0.906165848304663
"4,3,0,5,1,0,7,3,6,2,4,2,2,0,0,0,0,0,0",0.8954273133154178
"2,2,0,7,6,2,1,4,3,1,4,0,2,2,0,4,0,0,0,0,0,0,0,0",0.9509623220962521
"6,4,3,4,3,1,3,0,4,1,4,3,4,7,0,0,0,0,0,0,0,0,0,0",0.6940285249020013
"5,2,7,2,3,3,3,2,3,0,4,4,0,3,0,0,0,0,0,0,0,0",0.5950184233150243
"1,5,0,5,2,3,7,0,0",0.9833642598284008
"6,1,4,7,0,1,4,4,0,2,2,1,2,0,0,0,0,2,3,0,0,0,0,0",0.9465793024268111
"6,4,7,3,3,0,3,4,0,3,4,2,0,2,0,0,0,0,0,0",0.8191747786232957
"1,3,0,7,4,5,1,3,0,0,3,1,1,0,0,0,1,0,0,0",0.4240120047208895
"3,5,3,3,3,0,7,0,0,1,5,1,1,1,0,0,0,0,0",0.883157949274184
"3,2,7,3,0,4,1,0,5,2,4,2,1,0,0,1,0,0,0,0,0,0",0.9766584562162051
"5,4,0,3,0,1,3,2,3,4,2,4,1,4,7,0,0,0,0,0,0,0,0,0",0.5309993566218785
"6,1,0,1,0,3,7,0",0.6071331475744339
"2,5,1,2,0,1,2,4,2,4,0,0,1,7,0,0,0,0,0,0",0.28004367779503647
"6,2,0,4,2,3,0,0,7,0",0.9914137158384853
"6,4,0,4,3,0,0,3,4,4,1,2,2,0,7,0,0,0,0,0",0.9601339064452352
"6,1,0,3,1,1,3,7,3,0,0,0,2,0,0,3,0,0",0.66594182373633
"6,4,7,3,0,1,3,2,0,0,1,2,0,0,3,0,0,0",0.817531004862398
